null,MAP@10
1,0.27027
2,0.31406
3,0.29843
4,0.06812
5,0.32132
6,0.45055
7,0.37937
8,0.28831
9,0.22738
10,0.04861
11,0.33567
12,0.51574
13,0.40576
14,0.34360
15,0.23134
16,0.36905
17,0.06327
18,0.17672
19,0.21076
20,0.00855
21,0.09894
22,0.05600
23,0.20228
24,0.38732
25,0.33977
26,0.01913
27,0.28413
28,0.15232
29,0.24054
30,0.25510
mean,0.24541