null,MAP@10
21,0.09894
22,0.05600
23,0.20228
24,0.38732
25,0.33977
26,0.01913
27,0.28413
28,0.15232
29,0.24054
30,0.25510
mean,0.20355