null,MAP@5
20,0.00855
21,0.07778
22,0.05600
23,0.12821
24,0.22727
25,0.15833
26,0.00893
27,0.21111
28,0.09103
29,0.13514
30,0.21429
mean,0.11969